ankush,Thu Mar 25 12:49:48 2021
,ice-cream,noodles,
|
aditya,Thu Mar 25 12:50:26 2021
,c,b,
|
abhirup,Thu Mar 25 21:28:48 2021
,Lolipop,ice-cream,b,
|
ankush,Fri Mar 26 12:37:11 2021
,ice-cream,noodles,
|
ankush,Fri Mar 26 14:08:30 2021
,ice-cream,hjhj,
|
aditya,Fri Jun 04 17:32:16 2021
,ice-cream,
|
aditya,Fri Jun 04 17:41:19 2021
,
|
qwerty,Fri Jun 04 18:30:16 2021
,Lolipop,ice-cream,
|
qwerty,Fri Jun 04 18:32:00 2021
,Lolipop,ice-cream,
|
qwerty,Fri Jun 04 18:35:44 2021
,Lolipop,ice-cream,noodles,
|
